Utopia,by Thomas More,https://openlibrary.org/works/OL29440363W?edition=key%3A/books/OL40658043M
A modern Utopia,by H. G. Wells,https://openlibrary.org/works/OL52256W?edition=key%3A/books/OL13563752M
Utopia,by Thomas More,https://openlibrary.org/works/OL15366912W?edition=key%3A/books/OL6351271M
Utopia,"by Thomas More, William Roper, and Ralph Robinson",https://openlibrary.org/works/OL19873378W?edition=key%3A/books/OL29341566M
Utopia,by Thomas More,https://openlibrary.org/works/OL25354148W?edition=key%3A/books/OL33995682M
Darcy's utopia,by Fay Weldon and Susannah Tyrrell,https://openlibrary.org/works/OL1945866W?edition=key%3A/books/OL16868019M
"The coming race, or, The new Utopia: Leila","by Edward Bulwer Lytton, Baron Lytton",https://openlibrary.org/works/OL61825W?edition=key%3A/books/OL14050484M
Utopia (Illustriert),by Thomas Morus,https://openlibrary.org/works/OL28153444W?edition=key%3A/books/OL40590872M
Combates de este tiempo edicion textos y discursos,by Utopia Libros,https://openlibrary.org/works/OL35221323W?edition=key%3A/books/OL47618186M
Utopia,by Thomas More,https://openlibrary.org/works/OL33883206W?edition=key%3A/books/OL46824499M
Utopia: The Influential Classic,by Thomas More,https://openlibrary.org/works/OL24553704W?edition=key%3A/books/OL33815974M
"Le Travail, Quelles Valeurs: Idees recues et propositions",by Mouvement Utopia,https://openlibrary.org/works/OL17620048W?edition=key%3A/books/OL26224669M
Utopia Birds: Coloring Book for Kids,by Utopia Media,https://openlibrary.org/works/OL31176180W?edition=key%3A/books/OL42827358M
Utopia Cars and Buses: Coloring Book for Kids,by Utopia Media,https://openlibrary.org/works/OL31140475W?edition=key%3A/books/OL42768236M
Utopia Welcome to Space Edition Fun Coloring Activity Book for Adults and Kids,by Utopia Media,https://openlibrary.org/works/OL29182466W?edition=key%3A/books/OL40139844M
Utopia Insects: Coloring Book for Kids,by Utopia Media,https://openlibrary.org/works/OL32529414W?edition=key%3A/books/OL44329353M
I Can't Talk Right Now I'm Doing Hot Girl Shift: Sassy Coloring Book for Adults by Lady Utopia,by Lady Utopia,https://openlibrary.org/works/OL35813669W?edition=key%3A/books/OL48331821M
Wir sind Utopia.,by Stefan Andres,https://openlibrary.org/works/OL1308579W?edition=key%3A/books/OL5885977M
Utopia: a novel,by Lincoln Child,https://openlibrary.org/works/OL5728040W?edition=key%3A/books/OL23247024M
Utopia,by Sir Thomas Moore,https://openlibrary.org/works/OL9795662W?edition=key%3A/books/OL12439316M
